idissuelink,issuekey,linkedIssueKey,name
1,DRILL-1274,DRILL-1267,contains
2,DRILL-1274,DRILL-1267,is duplicated by
3,DRILL-1277,DRILL-1206,contains
4,DRILL-1278,DRILL-1288,duplicates
5,DRILL-1271,DRILL-1240,duplicates
6,DRILL-1267,DRILL-1274,Is contained by
7,DRILL-1267,DRILL-1274,duplicates
8,DRILL-1245,DRILL-1243,is superceded by
9,DRILL-1240,DRILL-1271,is duplicated by
10,DRILL-1206,DRILL-1277,Is contained by
11,DRILL-1185,DRILL-1451,is duplicated by
12,DRILL-891,DRILL-1039,is duplicated by
13,TEZ-722,TEZ-743,relates to
14,JENA-621,JENA-525,relates to
15,TEZ-716,TEZ-68,is duplicated by
16,TEZ-717,TEZ-1304,depends upon
17,TEZ-717,TEZ-1298,depends upon
18,HELIX-349,HELIX-281,duplicates
19,HELIX-349,HELIX-281,is related to
20,TEZ-718,TEZ-761,relates to
21,CB-5747,CB-6969,relates to
22,TWILL-29,TWILL-18,is duplicated by
23,JENA-619,JENA-685,relates to
24,TEZ-705,TEZ-698,is depended upon by
25,TEZ-706,TEZ-124,is duplicated by
26,TEZ-707,TEZ-1285,is blocked by
27,CB-5728,CB-5897,is duplicated by
28,CB-5721,CB-5960,relates to
29,CB-2905,CB-3757,relates to
30,CB-3382,CB-3070,blocks
31,CB-3401,CB-3928,is blocked by
32,CLIMATE-213,CLIMATE-137,Is contained by
33,CB-6415,CB-6669,is related to
34,CB-6415,CB-6437,is required by
35,DRILL-595,DRILL-931,Is contained by
36,DRILL-595,DRILL-438,is depended upon by
37,DRILL-811,DRILL-931,Is contained by
38,DRILL-895,DRILL-1039,is duplicated by
39,DRILL-998,DRILL-1303,is depended upon by
40,DRILL-1021,DRILL-906,incorporates
41,DRILL-1021,DRILL-1137,is depended upon by
42,DRILL-1029,DRILL-931,Is contained by
43,DRILL-1029,DRILL-884,is related to
44,DRILL-1039,DRILL-891,duplicates
45,DRILL-1039,DRILL-895,duplicates
46,DRILL-1125,DRILL-1447,duplicates
47,DRILL-1125,DRILL-1447,is duplicated by
48,DRILL-1168,DRILL-1347,is duplicated by
49,DRILL-1185,DRILL-1451,is duplicated by
50,DRILL-1206,DRILL-1277,Is contained by
51,DRILL-1240,DRILL-1271,is duplicated by
52,DIRECTMEMORY-53,DIRECTMEMORY-77,is required by
53,S4-39,S4-46,relates to
54,CB-148,CB-316,relates to
55,CB-148,CB-316,is related to
56,ANY23-21,ANY23-29,is part of
57,CB-149,CB-136,is duplicated by
58,CB-150,CB-115,duplicates
59,JENA-184,JENA-135,is related to
60,GORA-73,GORA-176,is duplicated by
61,GORA-73,GORA-176,is related to
62,ANY23-25,ANY23-29,is part of
63,ANY23-27,ANY23-29,relates to
64,ANY23-27,INFRA-4146,relates to
65,ANY23-28,ANY23-36,relates to
66,ANY23-29,ANY23-25,incorporates
67,ANY23-29,ANY23-21,incorporates
68,ANY23-29,ANY23-27,is related to
69,CB-168,CB-209,relates to
70,ANY23-34,ANY23-54,relates to
71,ANY23-36,ANY23-28,is related to
72,ANY23-37,ANY23-47,is related to
73,GORA-77,GORA-125,incorporates
74,JENA-195,JENA-56,relates to
75,GORA-81,GORA-138,is part of
76,GORA-81,GORA-132,is related to
77,GORA-81,GORA-142,is related to
78,MTOMCAT-115,MTOMCAT-43,is cloned as
79,FLEX-33094,FLEX-33112,blocks
80,FLEX-33094,INFRA-4397,is blocked by
81,FLEX-33094,INFRA-4629,is blocked by
82,FLEX-33095,FLEX-33096,blocks
83,FLEX-33096,FLEX-33095,is blocked by
84,FLEX-33096,FLEX-33089,is blocked by
85,CB-183,CB-54,is duplicated by
86,CB-2105,CB-3822,Is contained by
87,ONAMI-43,ONAMI-44,is superceded by
88,ONAMI-43,ONAMI-45,is superceded by
89,ONAMI-43,ONAMI-46,is superceded by
90,ONAMI-44,ONAMI-43,supercedes
91,ONAMI-45,ONAMI-43,supercedes
92,ONAMI-46,ONAMI-43,supercedes
93,CB-2169,CB-2649,is blocked by
94,CB-2174,CB-2093,is related to
95,CB-2649,CB-2169,blocks
96,STORM-189,STORM-188,duplicates
97,CB-5716,CB-5589,duplicates
98,CB-5716,CB-6627,is related to
99,CB-5721,CB-5960,relates to
100,CB-5728,CB-5897,is duplicated by
101,TWILL-29,TWILL-18,is duplicated by
102,JENA-619,JENA-685,relates to
103,TEZ-705,TEZ-698,is depended upon by
104,TEZ-706,TEZ-124,is duplicated by
105,TEZ-707,TEZ-1285,is blocked by
106,CB-5747,CB-6969,relates to
107,TEZ-716,TEZ-68,is duplicated by
108,TEZ-717,TEZ-1304,depends upon
109,TEZ-717,TEZ-1298,depends upon
110,HELIX-349,HELIX-281,duplicates
111,HELIX-349,HELIX-281,is related to
112,TEZ-718,TEZ-761,relates to
113,JENA-621,JENA-525,relates to
114,TEZ-722,TEZ-743,relates to
115,DRILL-891,DRILL-1039,is duplicated by
116,AURORA-1001,AURORA-1141,is duplicated by
117,AURORA-1001,AURORA-1149,is related to
118,AURORA-1024,AURORA-904,blocks
119,AURORA-1024,AURORA-1025,relates to
120,AURORA-1024,AURORA-1026,relates to
121,AURORA-1024,AURORA-1027,relates to
122,AURORA-1024,AURORA-1115,is related to
123,AURORA-1025,AURORA-1024,is related to
124,AURORA-1026,AURORA-904,blocks
125,AURORA-1026,AURORA-1024,is related to
126,AURORA-1027,AURORA-1024,is related to
127,AURORA-1028,AURORA-1080,is blocked by
128,AURORA-1031,AURORA-1250,blocks
129,AURORA-1031,MESOS-2340,depends upon
130,AURORA-1047,AURORA-715,blocks
131,AURORA-1047,AURORA-1078,blocks
132,AURORA-1047,MESOS-2347,is blocked by
133,AURORA-1047,AURORA-1228,is blocked by
134,AURORA-1050,AURORA-872,blocks
135,AURORA-1074,AURORA-174,blocks
136,AURORA-1076,MESOS-2309,relates to
137,AURORA-1077,AURORA-731,is duplicated by
138,AURORA-1093,AURORA-960,is duplicated by
139,AURORA-1093,AURORA-1105,is duplicated by
140,AURORA-1093,AURORA-904,relates to
141,AURORA-1093,AURORA-1139,is related to
142,AURORA-1096,AURORA-1097,is related to
143,AURORA-1097,AURORA-1096,relates to
144,AURORA-1133,AURORA-1132,is related to
145,AURORA-1139,AURORA-1093,relates to
146,AURORA-1160,AURORA-904,blocks
147,AURORA-1168,AURORA-904,blocks
148,AURORA-1174,AURORA-904,blocks
149,AURORA-1187,AURORA-904,blocks
150,AURORA-1201,AURORA-904,blocks
151,AURORA-1228,AURORA-1047,blocks
152,AURORA-1228,AURORA-1276,is blocked by
153,AURORA-1228,AURORA-1283,is blocked by
154,AURORA-1267,AURORA-1323,is duplicated by
155,AURORA-1291,AURORA-1292,is duplicated by
156,AURORA-1305,AURORA-1306,blocks
157,AURORA-1306,AURORA-1305,is blocked by
158,AURORA-131,AURORA-775,relates to
159,AURORA-1311,AURORA-1315,is blocked by
160,AURORA-1315,AURORA-1311,blocks
161,AURORA-1321,AURORA-1324,is related to
162,AURORA-1352,AURORA-1078,blocks
163,AURORA-1352,AURORA-1378,relates to
164,AURORA-1368,AURORA-1078,blocks
165,AURORA-1386,AURORA-1395,relates to
166,AURORA-1395,AURORA-1386,is related to
167,AURORA-1401,AURORA-1078,blocks
168,AURORA-142,AURORA-711,blocks
169,AURORA-142,AURORA-140,is blocked by
170,AURORA-142,AURORA-143,is depended upon by
171,AURORA-143,AURORA-140,depends upon
172,AURORA-143,AURORA-141,depends upon
173,AURORA-143,AURORA-142,depends upon
174,AURORA-175,AURORA-176,blocks
175,AURORA-176,AURORA-175,is blocked by
176,AURORA-274,AURORA-904,is related to
177,AURORA-31,AURORA-809,is duplicated by
178,AURORA-31,AURORA-155,is related to
179,AURORA-330,AURORA-1015,is duplicated by
180,AURORA-330,AURORA-964,is related to
181,AURORA-350,AURORA-370,is blocked by
182,AURORA-363,AURORA-312,is duplicated by
183,AURORA-363,AURORA-585,is related to
184,AURORA-369,AURORA-987,relates to
185,AURORA-377,AURORA-495,is related to
186,AURORA-407,AURORA-408,blocks
187,AURORA-407,AURORA-417,is blocked by
188,AURORA-408,AURORA-407,is blocked by
189,AURORA-417,AURORA-407,blocks
190,AURORA-437,AURORA-488,duplicates
191,AURORA-440,AURORA-704,is duplicated by
192,AURORA-454,AURORA-775,depends upon
193,AURORA-456,AURORA-625,is duplicated by
194,AURORA-476,AURORA-127,duplicates
195,AURORA-484,AURORA-20,duplicates
196,AURORA-495,AURORA-377,relates to
197,AURORA-520,AURORA-506,supercedes
198,AURORA-521,AURORA-435,is duplicated by
199,AURORA-521,AURORA-568,relates to
200,AURORA-556,AURORA-656,duplicates
201,AURORA-579,AURORA-648,is related to
202,AURORA-585,AURORA-462,blocks
203,AURORA-585,AURORA-462,duplicates
204,AURORA-585,AURORA-363,relates to
205,AURORA-585,AURORA-695,is related to
206,AURORA-608,MESOS-1646,relates to
207,AURORA-608,AURORA-652,is related to
208,AURORA-613,AURORA-621,is blocked by
209,AURORA-617,AURORA-618,is depended upon by
210,AURORA-617,AURORA-619,is depended upon by
211,AURORA-627,AURORA-711,blocks
212,AURORA-627,AURORA-791,is duplicated by
213,AURORA-662,AURORA-184,duplicates
214,AURORA-678,AURORA-679,is blocked by
215,AURORA-679,AURORA-678,blocks
216,AURORA-686,AURORA-732,relates to
217,AURORA-689,AURORA-674,relates to
218,AURORA-690,AURORA-610,relates to
219,AURORA-716,MESOS-2215,is blocked by
220,AURORA-716,MESOS-444,relates to
221,AURORA-717,AURORA-718,is related to
222,AURORA-718,AURORA-741,is blocked by
223,AURORA-718,AURORA-717,relates to
224,AURORA-718,AURORA-732,relates to
225,AURORA-722,AURORA-74,relates to
226,AURORA-732,AURORA-686,is related to
227,AURORA-732,AURORA-718,is related to
228,AURORA-741,AURORA-718,blocks
229,AURORA-775,AURORA-776,blocks
230,AURORA-775,AURORA-872,blocks
231,AURORA-775,AURORA-712,is duplicated by
232,AURORA-775,AURORA-888,is duplicated by
233,AURORA-775,AURORA-131,is related to
234,AURORA-775,AURORA-454,is depended upon by
235,AURORA-782,AURORA-872,blocks
236,AURORA-782,AURORA-816,is duplicated by
237,AURORA-784,AURORA-872,blocks
238,AURORA-788,MESOS-243,relates to
239,AURORA-793,AURORA-872,blocks
240,AURORA-793,AURORA-794,relates to
241,AURORA-793,AURORA-919,is related to
242,AURORA-794,AURORA-872,blocks
243,AURORA-794,AURORA-793,is related to
244,AURORA-801,AURORA-800,relates to
245,AURORA-805,AURORA-919,is duplicated by
246,AURORA-809,AURORA-904,blocks
247,AURORA-809,AURORA-31,duplicates
248,AURORA-810,AURORA-904,blocks
249,AURORA-810,AURORA-817,blocks
250,AURORA-812,AURORA-159,is duplicated by
251,AURORA-813,AURORA-515,is duplicated by
252,AURORA-817,AURORA-904,blocks
253,AURORA-817,AURORA-810,is blocked by
254,AURORA-823,MESOS-1898,is related to
255,AURORA-824,AURORA-825,relates to
256,AURORA-825,AURORA-824,is related to
257,AURORA-84,AURORA-379,is duplicated by
258,AURORA-863,AURORA-711,blocks
259,AURORA-863,MESOS-1010,is blocked by
260,AURORA-872,AURORA-793,is blocked by
261,AURORA-872,AURORA-996,is blocked by
262,AURORA-872,AURORA-1002,is blocked by
263,AURORA-872,AURORA-1050,is blocked by
264,AURORA-872,AURORA-1067,is blocked by
265,AURORA-872,AURORA-423,is blocked by
266,AURORA-872,AURORA-784,is blocked by
267,AURORA-872,AURORA-794,is blocked by
268,AURORA-872,AURORA-989,is blocked by
269,AURORA-872,AURORA-990,is blocked by
270,AURORA-872,AURORA-992,is blocked by
271,AURORA-872,AURORA-827,is blocked by
272,AURORA-872,AURORA-775,is blocked by
273,AURORA-872,AURORA-782,is blocked by
274,AURORA-872,AURORA-994,is blocked by
275,AURORA-872,AURORA-919,is blocked by
276,AURORA-872,AURORA-633,is related to
277,AURORA-885,AURORA-922,is duplicated by
278,AURORA-888,AURORA-775,duplicates
279,AURORA-888,AURORA-554,is duplicated by
280,AURORA-896,AURORA-827,is related to
281,AURORA-909,AURORA-914,depends upon
282,AURORA-911,AURORA-1148,relates to
283,AURORA-912,AURORA-711,blocks
284,AURORA-912,AURORA-743,is related to
285,AURORA-914,AURORA-909,is depended upon by
286,AURORA-919,AURORA-872,blocks
287,AURORA-919,AURORA-805,duplicates
288,AURORA-919,AURORA-793,relates to
289,AURORA-920,AURORA-711,blocks
290,AURORA-930,AURORA-953,relates to
291,AURORA-930,AURORA-74,relates to
292,AURORA-950,AURORA-990,is duplicated by
293,AURORA-956,MESOS-2167,relates to
294,AURORA-964,AURORA-330,relates to
295,AURORA-964,AURORA-932,is related to
296,AURORA-969,AURORA-591,is duplicated by
297,AURORA-970,AURORA-989,relates to
298,AURORA-989,AURORA-872,blocks
299,AURORA-989,AURORA-970,is related to
300,HELIX-18,HELIX-189,duplicates
301,KYLIN-170,KYLIN-8,is duplicated by
302,KYLIN-261,KYLIN-573,is part of
303,KYLIN-393,KYLIN-578,is duplicated by
304,KYLIN-531,KYLIN-3,is duplicated by
305,KYLIN-531,KYLIN-361,is duplicated by
306,KYLIN-582,KYLIN-594,Is contained by
307,KYLIN-607,KYLIN-673,depends upon
308,KYLIN-607,KYLIN-668,depends upon
309,KYLIN-618,KYLIN-612,relates to
310,KYLIN-655,KYLIN-625,relates to
311,KYLIN-668,KYLIN-607,is depended upon by
312,KYLIN-669,KYLIN-703,is blocked by
313,KYLIN-669,KYLIN-711,is blocked by
314,KYLIN-669,KYLIN-714,is blocked by
315,KYLIN-669,KYLIN-715,is blocked by
316,KYLIN-669,INFRA-9573,is blocked by
317,KYLIN-669,INFRA-9667,is blocked by
318,KYLIN-671,KYLIN-663,contains
319,KYLIN-671,KYLIN-649,is duplicated by
320,KYLIN-671,KYLIN-690,depends upon
321,KYLIN-697,KYLIN-694,relates to
322,KYLIN-697,KYLIN-698,is related to
323,KYLIN-697,INFRA-9423,is depended upon by
324,KYLIN-703,KYLIN-669,blocks
325,KYLIN-711,KYLIN-669,blocks
326,KYLIN-714,KYLIN-669,blocks
327,KYLIN-714,KYLIN-715,relates to
328,KYLIN-715,KYLIN-669,blocks
329,KYLIN-715,KYLIN-714,is related to
330,KYLIN-750,HBASE-11598,depends upon
331,KYLIN-750,HBASE-13356,depends upon
332,KYLIN-780,KYLIN-484,supercedes
333,KYLIN-780,CALCITE-296,depends upon
334,KYLIN-805,KYLIN-589,contains
335,KYLIN-807,KYLIN-243,Is contained by
336,KYLIN-840,KYLIN-841,is duplicated by
337,KYLIN-9,KYLIN-487,is duplicated by
338,MESOS-1114,MESOS-1307,is cloned by
339,MESOS-1114,MESOS-1342,is part of
340,MESOS-1119,MESOS-1581,duplicates
341,MESOS-1120,MESOS-1131,is related to
342,MESOS-1132,MESOS-1332,depends upon
343,MESOS-1143,MESOS-1736,relates to
344,MESOS-1143,MESOS-343,relates to
345,MESOS-1143,MESOS-1830,relates to
346,MESOS-1143,MESOS-1930,relates to
347,MESOS-1143,AURORA-1141,relates to
348,MESOS-1148,MESOS-2230,is blocked by
349,MESOS-1148,MESOS-2392,is related to
350,MESOS-1187,MESOS-3090,relates to
351,MESOS-1219,MESOS-1719,is related to
352,MESOS-1278,MESOS-687,is duplicated by
353,MESOS-1286,MESOS-2893,is related to
354,MESOS-1286,MESOS-1371,is depended upon by
355,MESOS-1303,MESOS-2745,is related to
356,MESOS-1307,MESOS-1114,is a clone of
357,MESOS-1307,MESOS-1342,is part of
358,MESOS-1317,MESOS-1319,incorporates
359,MESOS-1317,MESOS-1320,incorporates
360,MESOS-1317,MESOS-1321,incorporates
361,MESOS-1317,MESOS-1322,incorporates
362,MESOS-1319,MESOS-1320,is cloned by
363,MESOS-1319,MESOS-1317,is part of
364,MESOS-1320,MESOS-1319,is a clone of
365,MESOS-1320,MESOS-1321,is cloned by
366,MESOS-1320,MESOS-1317,is part of
367,MESOS-1321,MESOS-1320,is a clone of
368,MESOS-1321,MESOS-1322,is cloned by
369,MESOS-1321,MESOS-1317,is part of
370,MESOS-1322,MESOS-1321,is a clone of
371,MESOS-1322,MESOS-1317,is part of
372,MESOS-1324,MESOS-1450,is blocked by
373,MESOS-1324,MESOS-1325,is blocked by
374,MESOS-1325,MESOS-1324,blocks
375,MESOS-1332,MESOS-955,duplicates
376,MESOS-1332,MESOS-1132,is depended upon by
377,MESOS-1344,MESOS-1342,blocks
378,MESOS-1344,MESOS-1346,relates to
379,MESOS-1346,MESOS-1344,is related to
380,MESOS-1346,MESOS-1499,is related to
381,MESOS-1347,MESOS-1061,is related to
382,MESOS-1365,MESOS-1545,is related to
383,MESOS-1371,MESOS-1286,depends upon
384,MESOS-1372,MESOS-1369,duplicates
385,MESOS-1388,MESOS-1311,blocks
386,MESOS-1400,MESOS-1311,blocks
387,MESOS-1404,MESOS-1434,relates to
388,MESOS-1409,MESOS-1411,depends upon
389,MESOS-1409,MESOS-1389,is depended upon by
390,MESOS-1409,MESOS-1410,is depended upon by
391,MESOS-1410,MESOS-1409,depends upon
392,MESOS-1410,MESOS-1389,is depended upon by
393,MESOS-1411,MESOS-1389,is depended upon by
394,MESOS-1411,MESOS-1409,is depended upon by
395,MESOS-1417,MESOS-998,relates to
396,MESOS-1417,MESOS-2845,is related to
397,MESOS-1418,MESOS-1311,blocks
398,MESOS-1419,MESOS-1311,blocks
399,MESOS-1434,MESOS-1404,is related to
400,MESOS-1435,MESOS-1477,relates to
401,MESOS-1450,MESOS-1324,blocks
402,MESOS-1455,MESOS-1430,is duplicated by
403,MESOS-1456,MESOS-1751,relates to
404,MESOS-1456,MESOS-2307,is related to
405,MESOS-1466,MESOS-1654,blocks
406,MESOS-1466,MESOS-1718,is blocked by
407,MESOS-1466,MESOS-1674,relates to
408,MESOS-1466,MESOS-1720,is related to
409,MESOS-1471,MESOS-1465,is related to
410,MESOS-1486,MESOS-1546,is related to
411,MESOS-1486,MESOS-2114,requires
412,MESOS-1499,MESOS-1346,relates to
413,MESOS-1504,MESOS-1526,is related to
414,MESOS-1514,MESOS-1532,is duplicated by
415,MESOS-1529,MESOS-1879,is related to
416,MESOS-1529,MESOS-1668,is related to
417,MESOS-1529,MESOS-2110,is related to
418,MESOS-1532,MESOS-1514,duplicates
419,MESOS-1532,MESOS-928,supercedes
420,MESOS-1532,MESOS-1089,supercedes
421,MESOS-1534,MESOS-445,duplicates
422,MESOS-1536,MESOS-2007,relates to
423,MESOS-1545,MESOS-1365,relates to
424,MESOS-1557,MESOS-1556,is duplicated by
425,MESOS-1586,MESOS-1206,is duplicated by
426,MESOS-1587,MESOS-2452,relates to
427,MESOS-1587,MESOS-2391,relates to
428,MESOS-1587,MESOS-1554,is related to
429,MESOS-1666,MESOS-1654,Is contained by
430,MESOS-1668,MESOS-1811,is blocked by
431,MESOS-1668,MESOS-1529,relates to
432,MESOS-1668,MESOS-1879,is related to
433,MESOS-1672,MESOS-1654,Is contained by
434,MESOS-1673,MESOS-1023,is related to
435,MESOS-1674,MESOS-1654,blocks
436,MESOS-1674,MESOS-1466,is related to
437,MESOS-1696,MESOS-1799,relates to
438,MESOS-1703,MESOS-1933,is duplicated by
439,MESOS-1715,MESOS-1800,is related to
440,MESOS-1715,MESOS-2605,is related to
441,MESOS-1718,MESOS-1466,blocks
442,MESOS-1719,MESOS-703,is blocked by
443,MESOS-1719,MESOS-1219,relates to
444,MESOS-1729,MESOS-2407,relates to
445,MESOS-1729,MESOS-2242,is related to
446,MESOS-1733,MESOS-750,is blocked by
447,MESOS-1739,MESOS-2676,duplicates
448,MESOS-1739,MESOS-1642,is duplicated by
449,MESOS-1751,MESOS-1456,is related to
450,MESOS-1754,MESOS-144,blocks
451,MESOS-1758,MESOS-1765,is related to
452,MESOS-1765,MESOS-1758,relates to
453,MESOS-1777,MESOS-1554,relates to
454,MESOS-1777,MESOS-1902,relates to
455,MESOS-1799,MESOS-1696,is related to
456,MESOS-1799,MESOS-1817,is related to
457,MESOS-1806,MESOS-1756,duplicates
458,MESOS-1807,AURORA-1246,is related to
459,MESOS-1811,MESOS-1668,blocks
460,MESOS-1813,MESOS-1709,is related to
461,MESOS-1817,MESOS-1799,relates to
462,MESOS-1830,MESOS-1972,is blocked by
463,MESOS-1830,MESOS-1930,relates to
464,MESOS-1830,MESOS-2035,relates to
465,MESOS-1830,MESOS-343,is related to
466,MESOS-1830,MESOS-1143,is related to
467,MESOS-1831,MESOS-1832,is related to
468,MESOS-1855,MESOS-1856,is related to
469,MESOS-1856,MESOS-1855,relates to
470,MESOS-1856,MESOS-2917,is related to
471,MESOS-1858,MESOS-1432,relates to
472,MESOS-1866,MESOS-2307,is related to
473,MESOS-1875,MESOS-1871,is part of
474,MESOS-1930,MESOS-343,is related to
475,MESOS-1930,MESOS-1830,is related to
476,MESOS-1930,MESOS-1143,is related to
477,MESOS-1972,MESOS-1830,blocks
478,MESOS-1974,MESOS-1902,blocks
479,MESOS-2017,MESOS-2007,relates to
480,MESOS-2018,MESOS-2727,blocks
481,MESOS-2018,MESOS-1791,relates to
482,MESOS-2018,MESOS-2101,relates to
483,MESOS-2018,MESOS-1554,is related to
484,MESOS-2029,MESOS-1902,blocks
485,MESOS-2030,MESOS-1902,blocks
486,MESOS-2031,MESOS-1902,blocks
487,MESOS-2031,MESOS-998,is blocked by
488,MESOS-2058,MESOS-2248,is blocked by
489,MESOS-2061,MESOS-2066,blocks
490,MESOS-2061,MESOS-2062,blocks
491,MESOS-2061,MESOS-3042,blocks
492,MESOS-2075,MESOS-2067,blocks
493,MESOS-2075,MESOS-3066,contains
494,MESOS-2075,MESOS-3068,contains
495,MESOS-2075,MESOS-3077,contains
496,MESOS-2075,MESOS-3069,contains
497,MESOS-2076,MESOS-3044,contains
498,MESOS-2076,MESOS-3038,contains
499,MESOS-2076,MESOS-3041,contains
500,MESOS-2076,MESOS-3042,contains
501,MESOS-2076,MESOS-3043,contains
502,MESOS-2076,MESOS-3045,contains
503,MESOS-2099,MESOS-2176,is blocked by
504,MESOS-2101,MESOS-2018,is related to
505,MESOS-2103,MESOS-2365,relates to
506,MESOS-2104,MESOS-2607,relates to
507,MESOS-2104,MESOS-2606,relates to
508,MESOS-2110,MESOS-237,duplicates
509,MESOS-2110,MESOS-1529,relates to
510,MESOS-2119,MESOS-2888,is related to
511,MESOS-2128,MESOS-1971,blocks
512,MESOS-2136,MESOS-2571,relates to
513,MESOS-2136,MESOS-2572,relates to
514,MESOS-2137,MESOS-2475,is superceded by
515,MESOS-2160,MESOS-2727,blocks
516,MESOS-2160,MESOS-2213,depends upon
517,MESOS-2160,MESOS-2596,is depended upon by
518,MESOS-2160,MESOS-2597,is depended upon by
519,MESOS-2176,MESOS-2099,blocks
520,MESOS-2199,MESOS-2593,is blocked by
521,MESOS-2200,MESOS-2035,relates to
522,MESOS-2213,MESOS-2160,is depended upon by
523,MESOS-2213,MESOS-2286,is depended upon by
524,MESOS-2230,MESOS-1148,blocks
525,MESOS-2289,MESOS-2506,incorporates
526,MESOS-2290,MESOS-2293,is part of
527,MESOS-2293,MESOS-2497,incorporates
528,MESOS-2293,MESOS-2860,incorporates
529,MESOS-2293,MESOS-2290,incorporates
530,MESOS-2295,MESOS-2906,is related to
531,MESOS-2295,MESOS-2907,is related to
532,MESOS-2305,MESOS-1064,blocks
533,MESOS-2308,MESOS-2347,is superceded by
534,MESOS-2309,AURORA-1076,is related to
535,MESOS-2314,MESOS-1023,blocks
536,MESOS-2317,MESOS-2375,contains
537,MESOS-2317,MESOS-444,depends upon
538,MESOS-2332,MESOS-1598,relates to
539,MESOS-2332,MESOS-2665,depends upon
540,MESOS-2332,MESOS-2750,depends upon
541,MESOS-2332,MESOS-2752,depends upon
542,MESOS-2333,MESOS-2620,is blocked by
543,MESOS-2340,MESOS-2709,is blocked by
544,MESOS-2340,MESOS-2736,relates to
545,MESOS-2340,MESOS-2298,relates to
546,MESOS-2340,MESOS-2912,relates to
547,MESOS-2340,AURORA-1031,is depended upon by
548,MESOS-2347,AURORA-1047,blocks
549,MESOS-2347,MESOS-810,is related to
550,MESOS-2347,MESOS-2308,supercedes
551,MESOS-2350,MESOS-2540,blocks
552,MESOS-2350,MESOS-349,supercedes
553,MESOS-2367,MESOS-2528,is blocked by
554,MESOS-2367,MESOS-2903,relates to
555,MESOS-2372,MESOS-2371,relates to
556,MESOS-2373,MESOS-2623,relates to
557,MESOS-2373,MESOS-2891,relates to
558,MESOS-2375,MESOS-2317,Is contained by
559,MESOS-2375,MESOS-2436,incorporates
560,MESOS-2375,MESOS-2538,is related to
561,MESOS-2391,MESOS-1587,is related to
562,MESOS-2391,MESOS-1588,is related to
563,MESOS-2392,MESOS-1148,relates to
564,MESOS-2394,MESOS-2397,is duplicated by
565,MESOS-2404,MESOS-2610,is cloned by
566,MESOS-2404,MESOS-2434,is duplicated by
567,MESOS-2412,MESOS-2418,is related to
568,MESOS-2412,MESOS-2569,is related to
569,MESOS-2422,MESOS-2370,relates to
570,MESOS-2422,MESOS-1598,relates to
571,MESOS-2427,MESOS-2428,relates to
572,MESOS-2428,MESOS-2427,is related to
573,MESOS-2452,MESOS-1587,is related to
574,MESOS-2452,MESOS-1588,is related to
575,MESOS-2461,MESOS-2668,is related to
576,MESOS-2462,MESOS-2590,is blocked by
577,MESOS-2462,MESOS-2668,is related to
578,MESOS-2463,MESOS-3003,relates to
579,MESOS-2475,MESOS-2137,supercedes
580,MESOS-2497,MESOS-2860,is part of
581,MESOS-2497,MESOS-2293,is part of
582,MESOS-2501,MESOS-1186,is related to
583,MESOS-2519,MESOS-1096,supercedes
584,MESOS-2528,MESOS-2367,blocks
585,MESOS-2538,MESOS-2375,relates to
586,MESOS-2540,MESOS-2350,is blocked by
587,MESOS-2555,MESOS-2419,relates to
588,MESOS-2571,MESOS-2136,is related to
589,MESOS-2590,MESOS-2462,blocks
590,MESOS-2596,MESOS-2160,depends upon
591,MESOS-2597,MESOS-2160,depends upon
592,MESOS-2600,MESOS-2455,relates to
593,MESOS-2600,MESOS-2267,supercedes
594,MESOS-2600,MESOS-2268,supercedes
595,MESOS-2605,MESOS-1720,relates to
596,MESOS-2605,MESOS-1800,relates to
597,MESOS-2605,MESOS-1715,relates to
598,MESOS-2605,MESOS-2601,relates to
599,MESOS-2607,MESOS-2104,is related to
600,MESOS-2636,MESOS-2749,is duplicated by
601,MESOS-2636,MESOS-2839,is duplicated by
602,MESOS-2636,MESOS-2962,is related to
603,MESOS-2649,MESOS-2764,blocks
604,MESOS-2649,MESOS-2650,blocks
605,MESOS-2650,MESOS-2791,blocks
606,MESOS-2650,MESOS-2649,is blocked by
607,MESOS-2651,MESOS-2703,blocks
608,MESOS-2651,MESOS-2760,incorporates
609,MESOS-2652,MESOS-2700,requires
610,MESOS-2652,MESOS-2701,requires
611,MESOS-2652,MESOS-2702,requires
612,MESOS-2653,MESOS-2704,blocks
613,MESOS-2660,MESOS-2672,is related to
614,MESOS-2665,MESOS-2332,is depended upon by
615,MESOS-2672,MESOS-2660,relates to
616,MESOS-2704,MESOS-2653,is blocked by
617,MESOS-2719,MESOS-2983,is cloned by
618,MESOS-2743,MESOS-527,relates to
619,MESOS-2743,MESOS-2330,relates to
620,MESOS-2743,MESOS-2738,is related to
621,MESOS-2750,MESOS-2332,is depended upon by
622,MESOS-2752,MESOS-2332,is depended upon by
623,MESOS-2775,MESOS-2776,relates to
624,MESOS-2776,MESOS-2838,is related to
625,MESOS-2776,MESOS-2775,is related to
626,MESOS-2783,MESOS-2782,relates to
627,MESOS-2791,MESOS-2764,is blocked by
628,MESOS-2791,MESOS-2650,is blocked by
629,MESOS-2791,MESOS-2818,is blocked by
630,MESOS-2800,MESOS-3002,breaks
631,MESOS-2818,MESOS-2791,blocks
632,MESOS-2818,MESOS-2741,is duplicated by
633,MESOS-2834,MESOS-3050,is depended upon by
634,MESOS-2838,MESOS-2854,is blocked by
635,MESOS-2838,MESOS-3128,duplicates
636,MESOS-2838,MESOS-2776,relates to
637,MESOS-2838,MESOS-2623,is related to
638,MESOS-2854,MESOS-2838,blocks
639,MESOS-2860,MESOS-2497,incorporates
640,MESOS-2860,MESOS-2293,is part of
641,MESOS-2884,MESOS-2726,duplicates
642,MESOS-2888,MESOS-2119,relates to
643,MESOS-2891,MESOS-2892,is blocked by
644,MESOS-2891,MESOS-2893,is blocked by
645,MESOS-2891,MESOS-2373,is related to
646,MESOS-2892,MESOS-2891,blocks
647,MESOS-2893,MESOS-2891,blocks
648,MESOS-2893,MESOS-1286,relates to
649,MESOS-2903,MESOS-2367,is related to
650,MESOS-2903,MESOS-2914,is related to
651,MESOS-2906,MESOS-2295,relates to
652,MESOS-2907,MESOS-2295,relates to
653,MESOS-2909,MESOS-2910,is blocked by
654,MESOS-2909,MESOS-2911,is blocked by
655,MESOS-2910,MESOS-2909,blocks
656,MESOS-2910,MESOS-3012,is blocked by
657,MESOS-2910,MESOS-2911,is cloned by
658,MESOS-2910,MESOS-786,relates to
659,MESOS-2911,MESOS-2909,blocks
660,MESOS-2911,MESOS-2910,is a clone of
661,MESOS-2913,MESOS-3037,incorporates
662,MESOS-2913,MESOS-3088,incorporates
663,MESOS-2913,MESOS-3089,incorporates
664,MESOS-2914,MESOS-2867,is duplicated by
665,MESOS-2914,MESOS-2903,relates to
666,MESOS-2917,MESOS-1856,relates to
667,MESOS-292,MESOS-1022,is duplicated by
668,MESOS-294,MESOS-430,is related to
669,MESOS-2940,MESOS-2941,is blocked by
670,MESOS-2941,MESOS-2940,blocks
671,MESOS-2943,MESOS-2991,relates to
672,MESOS-2949,MESOS-2950,blocks
673,MESOS-2951,MESOS-2767,is duplicated by
674,MESOS-2951,MESOS-2254,is related to
675,MESOS-2951,MESOS-2706,is related to
676,MESOS-2951,MESOS-2961,depends upon
677,MESOS-2951,MESOS-3006,depends upon
678,MESOS-2961,MESOS-2951,is depended upon by
679,MESOS-2962,MESOS-2636,relates to
680,MESOS-2967,MESOS-1186,is related to
681,MESOS-2983,MESOS-2719,is a clone of
682,MESOS-2983,MESOS-2984,is cloned by
683,MESOS-2984,MESOS-2983,is a clone of
684,MESOS-2991,MESOS-2943,is related to
685,MESOS-3002,MESOS-2800,is broken by
686,MESOS-3006,MESOS-2951,is depended upon by
687,MESOS-3012,MESOS-2910,blocks
688,MESOS-3061,MESOS-3076,is blocked by
689,MESOS-3073,MESOS-3152,is related to
690,MESOS-3076,MESOS-3061,blocks
691,MESOS-343,MESOS-1830,relates to
692,MESOS-343,MESOS-1930,relates to
693,MESOS-343,MESOS-2522,relates to
694,MESOS-343,MESOS-2035,relates to
695,MESOS-343,MESOS-1143,is related to
696,MESOS-521,MESOS-822,is duplicated by
697,MESOS-703,MESOS-1719,blocks
698,MESOS-703,AURORA-687,blocks
699,MESOS-703,MESOS-751,duplicates
700,MESOS-703,MESOS-2006,duplicates
701,MESOS-703,MESOS-2570,is duplicated by
702,MESOS-703,MESOS-1218,is duplicated by
703,MESOS-703,MESOS-2841,relates to
704,MESOS-703,MESOS-1828,is related to
705,MESOS-750,MESOS-1733,blocks
706,MESOS-750,MESOS-1734,blocks
707,MESOS-750,MESOS-1991,blocks
708,MESOS-750,MESOS-2549,relates to
709,MESOS-750,MESOS-1070,depends upon
710,MESOS-750,MESOS-1073,depends upon
711,MESOS-764,MESOS-682,blocks
712,MESOS-764,MESOS-295,blocks
713,MESOS-764,MESOS-956,is blocked by
714,MESOS-764,MESOS-980,is blocked by
715,MESOS-764,MESOS-983,is blocked by
716,MESOS-764,MESOS-984,is blocked by
717,MESOS-764,MESOS-1008,is blocked by
718,MESOS-764,MESOS-981,is blocked by
719,MESOS-764,MESOS-1123,is blocked by
720,MESOS-764,MESOS-1200,is related to
721,MESOS-786,MESOS-2910,is related to
722,MESOS-786,MESOS-3088,is related to
723,MESOS-905,MESOS-2559,is blocked by
724,MESOS-905,MESOS-2557,depends upon
725,MESOS-905,MESOS-2558,depends upon
726,MESOS-905,MESOS-2560,depends upon
727,MESOS-911,MESOS-52,duplicates
728,MESOS-911,MESOS-52,incorporates
729,MESOS-911,MESOS-1342,is part of
730,MESOS-984,MESOS-764,blocks
731,MESOS-984,AURORA-243,is depended upon by
732,MESOS-987,MESOS-1213,is duplicated by
733,MESOS-998,MESOS-2031,blocks
734,MESOS-998,MESOS-82,is duplicated by
735,MESOS-998,MESOS-886,is duplicated by
736,MESOS-998,MESOS-1417,is related to
737,MESOS-998,MESOS-2583,is related to
738,OFBIZ-1030,OFBIZ-1417,is duplicated by
739,OFBIZ-1078,OFBIZ-1222,relates to
740,OFBIZ-1222,OFBIZ-5414,relates to
741,OFBIZ-1222,OFBIZ-1078,is related to
742,OFBIZ-1232,OFBIZ-1252,relates to
743,OFBIZ-1361,OFBIZ-2177,relates to
744,OFBIZ-1463,OFBIZ-1670,incorporates
745,OFBIZ-1525,OFBIZ-178,incorporates
746,OFBIZ-1525,OFBIZ-260,incorporates
747,OFBIZ-1525,OFBIZ-1476,incorporates
748,OFBIZ-1525,OFBIZ-1900,incorporates
749,OFBIZ-1525,OFBIZ-2121,incorporates
750,OFBIZ-1525,OFBIZ-5254,incorporates
751,OFBIZ-1525,OFBIZ-1970,incorporates
752,OFBIZ-1525,OFBIZ-4983,incorporates
753,OFBIZ-1525,OFBIZ-5009,incorporates
754,OFBIZ-1525,OFBIZ-1193,incorporates
755,OFBIZ-1525,OFBIZ-2243,incorporates
756,OFBIZ-1525,OFBIZ-2260,incorporates
757,OFBIZ-1525,OFBIZ-1106,incorporates
758,OFBIZ-1525,OFBIZ-2330,incorporates
759,OFBIZ-1525,OFBIZ-5343,incorporates
760,OFBIZ-1537,OFBIZ-6147,is duplicated by
761,OFBIZ-1581,OFBIZ-1580,is blocked by
762,OFBIZ-1621,OFBIZ-1590,relates to
763,OFBIZ-1867,OFBIZ-3329,incorporates
764,OFBIZ-1867,OFBIZ-2904,incorporates
765,OFBIZ-1867,OFBIZ-1847,incorporates
766,OFBIZ-1867,OFBIZ-1859,incorporates
767,OFBIZ-1867,OFBIZ-1870,incorporates
768,OFBIZ-1867,OFBIZ-3500,incorporates
769,OFBIZ-1867,OFBIZ-1948,incorporates
770,OFBIZ-1867,OFBIZ-6110,incorporates
771,OFBIZ-1867,OFBIZ-2129,incorporates
772,OFBIZ-1935,OFBIZ-1932,is related to
773,OFBIZ-1945,OFBIZ-565,duplicates
774,OFBIZ-1948,OFBIZ-1867,is part of
775,OFBIZ-2052,OFBIZ-2057,is related to
776,OFBIZ-2208,OFBIZ-3972,is duplicated by
777,OFBIZ-2208,OFBIZ-1148,is duplicated by
778,OFBIZ-2219,OFBIZ-4802,incorporates
779,OFBIZ-2219,OFBIZ-4868,incorporates
780,OFBIZ-2219,OFBIZ-3372,incorporates
781,OFBIZ-2219,OFBIZ-3386,incorporates
782,OFBIZ-2219,OFBIZ-3401,incorporates
783,OFBIZ-2219,OFBIZ-3280,is part of
784,OFBIZ-2219,OFBIZ-2133,is related to
785,OFBIZ-224,OFBIZ-494,is related to
786,OFBIZ-2296,OFBIZ-3294,is cloned by
787,OFBIZ-2330,OFBIZ-2420,incorporates
788,OFBIZ-2330,OFBIZ-1525,is part of
789,OFBIZ-2330,OFBIZ-2787,relates to
790,OFBIZ-2330,OFBIZ-6547,is related to
791,OFBIZ-235,OFBIZ-237,blocks
792,OFBIZ-235,OFBIZ-366,relates to
793,OFBIZ-237,OFBIZ-235,is blocked by
794,OFBIZ-2398,OFBIZ-2305,incorporates
795,OFBIZ-2398,OFBIZ-2306,incorporates
796,OFBIZ-2398,OFBIZ-2304,incorporates
797,OFBIZ-2398,OFBIZ-2309,incorporates
798,OFBIZ-2398,OFBIZ-3004,relates to
799,OFBIZ-2531,OFBIZ-3046,relates to
800,OFBIZ-255,OFBIZ-1733,incorporates
801,OFBIZ-255,OFBIZ-1732,relates to
802,OFBIZ-2584,OFBIZ-695,is related to
803,OFBIZ-2742,OFBIZ-6143,relates to
804,OFBIZ-2742,OFBIZ-5970,relates to
805,OFBIZ-2742,OFBIZ-5971,relates to
806,OFBIZ-2742,OFBIZ-5983,relates to
807,OFBIZ-2742,OFBIZ-6000,relates to
808,OFBIZ-2742,OFBIZ-6162,is related to
809,OFBIZ-2742,OFBIZ-6181,is related to
810,OFBIZ-287,OFBIZ-286,relates to
811,OFBIZ-3030,OFBIZ-6099,is related to
812,OFBIZ-3294,OFBIZ-2296,is a clone of
813,OFBIZ-3294,OFBIZ-3293,depends upon
814,OFBIZ-3329,OFBIZ-1867,is part of
815,OFBIZ-3379,OFBIZ-5732,incorporates
816,OFBIZ-3385,OFBIZ-3363,blocks
817,OFBIZ-3385,OFBIZ-3394,incorporates
818,OFBIZ-3438,OFBIZ-680,relates to
819,OFBIZ-3500,OFBIZ-3501,incorporates
820,OFBIZ-3500,OFBIZ-1867,is part of
821,OFBIZ-3557,OFBIZ-2353,depends upon
822,OFBIZ-3563,OFBIZ-2361,duplicates
823,OFBIZ-3563,OFBIZ-2361,is duplicated by
824,OFBIZ-3563,OFBIZ-2361,is related to
825,OFBIZ-372,OFBIZ-366,relates to
826,OFBIZ-3743,OFBIZ-3702,relates to
827,OFBIZ-3844,OFBIZ-3868,depends upon
828,OFBIZ-3877,OFBIZ-4274,relates to
829,OFBIZ-3894,OFBIZ-65,is related to
830,OFBIZ-3910,OFBIZ-5853,is related to
831,OFBIZ-4075,OFBIZ-2693,relates to
832,OFBIZ-4081,OFBIZ-6314,relates to
833,OFBIZ-4098,OFBIZ-4103,incorporates
834,OFBIZ-4098,OFBIZ-4220,is related to
835,OFBIZ-4160,OFBIZ-5662,relates to
836,OFBIZ-4183,OFBIZ-6034,relates to
837,OFBIZ-4222,OFBIZ-4220,is related to
838,OFBIZ-4259,OFBIZ-4262,is related to
839,OFBIZ-4274,OFBIZ-3877,is related to
840,OFBIZ-4285,OFBIZ-4286,is duplicated by
841,OFBIZ-4467,OFBIZ-4472,relates to
842,OFBIZ-4480,OFBIZ-6238,relates to
843,OFBIZ-4480,OFBIZ-6398,breaks
844,OFBIZ-4517,OFBIZ-4496,is related to
845,OFBIZ-4757,INFRA-3590,blocks
846,OFBIZ-4769,OFBIZ-5148,is related to
847,OFBIZ-4769,OFBIZ-5806,is related to
848,OFBIZ-4773,OFBIZ-4783,is related to
849,OFBIZ-4773,INFRA-3590,is related to
850,OFBIZ-494,OFBIZ-224,relates to
851,OFBIZ-494,OFBIZ-490,depends upon
852,OFBIZ-4941,OFBIZ-5033,depends upon
853,OFBIZ-4983,OFBIZ-1525,is part of
854,OFBIZ-5019,OFBIZ-5100,is related to
855,OFBIZ-5035,OFBIZ-4535,is duplicated by
856,OFBIZ-5035,OFBIZ-5929,is duplicated by
857,OFBIZ-5035,OFBIZ-5383,relates to
858,OFBIZ-5035,OFBIZ-6292,is related to
859,OFBIZ-5040,OFBIZ-5840,is related to
860,OFBIZ-5040,OFBIZ-5517,depends upon
861,OFBIZ-5040,OFBIZ-5396,is depended upon by
862,OFBIZ-5100,OFBIZ-5019,relates to
863,OFBIZ-5169,OFBIZ-6298,relates to
864,OFBIZ-5169,OFBIZ-5879,is related to
865,OFBIZ-5169,OFBIZ-5781,is related to
866,OFBIZ-5234,OFBIZ-6034,is related to
867,OFBIZ-5282,OFBIZ-5542,is related to
868,OFBIZ-5282,OFBIZ-5545,is related to
869,OFBIZ-5292,OFBIZ-5293,blocks
870,OFBIZ-5293,OFBIZ-5292,is blocked by
871,OFBIZ-5356,OFBIZ-5396,relates to
872,OFBIZ-5386,OFBIZ-5385,relates to
873,OFBIZ-5386,OFBIZ-5389,relates to
874,OFBIZ-5387,OFBIZ-5396,is related to
875,OFBIZ-5393,OFBIZ-5420,is depended upon by
876,OFBIZ-5400,OFBIZ-5396,is blocked by
877,OFBIZ-5400,OFBIZ-5412,incorporates
878,OFBIZ-5400,OFBIZ-5401,incorporates
879,OFBIZ-5400,OFBIZ-5406,incorporates
880,OFBIZ-5400,OFBIZ-5416,is related to
881,OFBIZ-5400,OFBIZ-6295,depends upon
882,OFBIZ-5400,OFBIZ-5425,depends upon
883,OFBIZ-5400,OFBIZ-5420,is depended upon by
884,OFBIZ-5401,OFBIZ-5400,is part of
885,OFBIZ-5403,OFBIZ-5163,is related to
886,OFBIZ-5406,OFBIZ-5400,is part of
887,OFBIZ-5412,OFBIZ-5400,is part of
888,OFBIZ-5414,OFBIZ-1222,is related to
889,OFBIZ-5423,OFBIZ-5420,is part of
890,OFBIZ-5425,OFBIZ-5420,is part of
891,OFBIZ-5425,OFBIZ-5400,is depended upon by
892,OFBIZ-5428,OFBIZ-6353,depends upon
893,OFBIZ-5447,OFBIZ-5986,is related to
894,OFBIZ-5473,OFBIZ-5493,relates to
895,OFBIZ-5473,OFBIZ-5494,relates to
896,OFBIZ-5473,OFBIZ-5495,relates to
897,OFBIZ-5473,OFBIZ-5490,is related to
898,OFBIZ-5473,OFBIZ-5491,is related to
899,OFBIZ-5473,OFBIZ-5492,is related to
900,OFBIZ-5490,OFBIZ-5473,relates to
901,OFBIZ-5490,OFBIZ-5494,is depended upon by
902,OFBIZ-5491,OFBIZ-5473,relates to
903,OFBIZ-5492,OFBIZ-5473,relates to
904,OFBIZ-5493,OFBIZ-5473,is related to
905,OFBIZ-5494,OFBIZ-5473,is related to
906,OFBIZ-5494,OFBIZ-5490,depends upon
907,OFBIZ-5495,OFBIZ-5473,is related to
908,OFBIZ-5526,OFBIZ-5539,is related to
909,OFBIZ-5526,OFBIZ-5561,is related to
910,OFBIZ-5526,OFBIZ-5566,is related to
911,OFBIZ-5532,OFBIZ-6085,is related to
912,OFBIZ-5532,OFBIZ-5568,is related to
913,OFBIZ-5532,OFBIZ-5548,is depended upon by
914,OFBIZ-5532,OFBIZ-5569,is depended upon by
915,OFBIZ-5542,OFBIZ-5282,relates to
916,OFBIZ-5548,OFBIZ-5569,is related to
917,OFBIZ-5548,OFBIZ-5532,depends upon
918,OFBIZ-5550,OFBIZ-5572,relates to
919,OFBIZ-5565,OFBIZ-5659,is related to
920,OFBIZ-5569,OFBIZ-5548,relates to
921,OFBIZ-5569,OFBIZ-5532,depends upon
922,OFBIZ-5572,OFBIZ-5550,is related to
923,OFBIZ-5573,OFBIZ-5802,depends upon
924,OFBIZ-5629,OFBIZ-6084,is blocked by
925,OFBIZ-5659,OFBIZ-5565,relates to
926,OFBIZ-5662,OFBIZ-4160,is related to
927,OFBIZ-5704,OFBIZ-5706,relates to
928,OFBIZ-5705,OFBIZ-5706,is related to
929,OFBIZ-5705,OFBIZ-5852,depends upon
930,OFBIZ-5705,OFBIZ-5851,depends upon
931,OFBIZ-5706,OFBIZ-5705,relates to
932,OFBIZ-5706,OFBIZ-5704,is related to
933,OFBIZ-5706,OFBIZ-5709,is depended upon by
934,OFBIZ-5709,OFBIZ-5706,depends upon
935,OFBIZ-5732,OFBIZ-3379,is part of
936,OFBIZ-5746,OFBIZ-5753,is related to
937,OFBIZ-5781,OFBIZ-5169,relates to
938,OFBIZ-5781,OFBIZ-5879,is related to
939,OFBIZ-5802,OFBIZ-5573,is depended upon by
940,OFBIZ-5805,OFBIZ-5312,is blocked by
941,OFBIZ-5838,OFBIZ-6239,relates to
942,OFBIZ-5851,OFBIZ-6097,is depended upon by
943,OFBIZ-5851,OFBIZ-5705,is depended upon by
944,OFBIZ-5851,OFBIZ-5852,is depended upon by
945,OFBIZ-5852,OFBIZ-5851,depends upon
946,OFBIZ-5852,OFBIZ-5705,is depended upon by
947,OFBIZ-5853,OFBIZ-3910,relates to
948,OFBIZ-5853,OFBIZ-5905,is related to
949,OFBIZ-5859,OFBIZ-6155,relates to
950,OFBIZ-5859,OFBIZ-5860,is related to
951,OFBIZ-5860,OFBIZ-5859,relates to
952,OFBIZ-5860,OFBIZ-6155,relates to
953,OFBIZ-5861,OFBIZ-6155,relates to
954,OFBIZ-5862,OFBIZ-5863,relates to
955,OFBIZ-5862,OFBIZ-6155,relates to
956,OFBIZ-5862,OFBIZ-5864,is related to
957,OFBIZ-5863,OFBIZ-6155,relates to
958,OFBIZ-5863,OFBIZ-5862,is related to
959,OFBIZ-5864,OFBIZ-5862,relates to
960,OFBIZ-5864,OFBIZ-6155,relates to
961,OFBIZ-5865,OFBIZ-6155,relates to
962,OFBIZ-5866,OFBIZ-6155,relates to
963,OFBIZ-5868,OFBIZ-6155,relates to
964,OFBIZ-5870,OFBIZ-6050,is duplicated by
965,OFBIZ-5870,OFBIZ-5876,is related to
966,OFBIZ-5872,OFBIZ-5873,is related to
967,OFBIZ-5879,OFBIZ-5169,relates to
968,OFBIZ-5879,OFBIZ-5781,relates to
969,OFBIZ-5893,OFBIZ-6182,duplicates
970,OFBIZ-5897,OFBIZ-5896,relates to
971,OFBIZ-5929,OFBIZ-5035,duplicates
972,OFBIZ-5929,OFBIZ-6203,is duplicated by
973,OFBIZ-5936,OFBIZ-6330,relates to
974,OFBIZ-5949,OFBIZ-6164,relates to
975,OFBIZ-5959,OFBIZ-6463,relates to
976,OFBIZ-5959,OFBIZ-5960,is depended upon by
977,OFBIZ-5959,OFBIZ-5990,is depended upon by
978,OFBIZ-5959,OFBIZ-5997,is depended upon by
979,OFBIZ-5959,OFBIZ-6002,is depended upon by
980,OFBIZ-5959,OFBIZ-6005,is depended upon by
981,OFBIZ-5959,OFBIZ-6007,is depended upon by
982,OFBIZ-5959,OFBIZ-6008,is depended upon by
983,OFBIZ-5962,OFBIZ-6014,relates to
984,OFBIZ-5962,OFBIZ-4257,relates to
985,OFBIZ-5970,OFBIZ-2742,is related to
986,OFBIZ-5971,OFBIZ-2742,is related to
987,OFBIZ-5983,OFBIZ-2742,is related to
988,OFBIZ-5986,OFBIZ-5447,relates to
989,OFBIZ-5986,OFBIZ-5898,relates to
990,OFBIZ-5986,OFBIZ-6061,is related to
991,OFBIZ-5990,OFBIZ-5959,depends upon
992,OFBIZ-5997,OFBIZ-5959,depends upon
993,OFBIZ-6000,OFBIZ-2742,is related to
994,OFBIZ-6002,OFBIZ-5959,depends upon
995,OFBIZ-6003,OFBIZ-6001,depends upon
996,OFBIZ-6004,OFBIZ-6001,depends upon
997,OFBIZ-6005,OFBIZ-5959,depends upon
998,OFBIZ-6007,OFBIZ-5959,depends upon
999,OFBIZ-6008,OFBIZ-5959,depends upon
1000,OFBIZ-6026,OFBIZ-6155,relates to
1001,OFBIZ-6031,OFBIZ-6155,relates to
1002,OFBIZ-6032,OFBIZ-1560,is related to
1003,OFBIZ-6057,OFBIZ-6249,is related to
1004,OFBIZ-6058,OFBIZ-6144,is related to
1005,OFBIZ-6064,OFBIZ-5312,breaks
1006,OFBIZ-6065,OFBIZ-6066,is depended upon by
1007,OFBIZ-6066,OFBIZ-6065,depends upon
1008,OFBIZ-6075,OFBIZ-6080,is duplicated by
1009,OFBIZ-6076,OFBIZ-6431,is cloned by
1010,OFBIZ-6076,OFBIZ-6077,relates to
1011,OFBIZ-6077,OFBIZ-6076,is related to
1012,OFBIZ-6077,OFBIZ-6431,is related to
1013,OFBIZ-6077,OFBIZ-6241,is related to
1014,OFBIZ-6084,OFBIZ-5629,blocks
1015,OFBIZ-6085,OFBIZ-6255,incorporates
1016,OFBIZ-6085,OFBIZ-6328,incorporates
1017,OFBIZ-6085,OFBIZ-5532,relates to
1018,OFBIZ-6085,OFBIZ-6265,depends upon
1019,OFBIZ-6085,OFBIZ-6264,depends upon
1020,OFBIZ-6088,OFBIZ-5455,is related to
1021,OFBIZ-6098,OFBIZ-6099,is depended upon by
1022,OFBIZ-6099,OFBIZ-3030,relates to
1023,OFBIZ-6099,OFBIZ-6098,depends upon
1024,OFBIZ-6106,OFBIZ-6155,relates to
1025,OFBIZ-6141,OFBIZ-6143,is related to
1026,OFBIZ-6162,OFBIZ-2742,relates to
1027,OFBIZ-6162,OFBIZ-6165,is related to
1028,OFBIZ-6164,OFBIZ-6205,relates to
1029,OFBIZ-6164,OFBIZ-6208,relates to
1030,OFBIZ-6164,OFBIZ-5949,is related to
1031,OFBIZ-6164,OFBIZ-6523,is related to
1032,OFBIZ-6164,OFBIZ-6224,is related to
1033,OFBIZ-6165,OFBIZ-6162,relates to
1034,OFBIZ-6165,OFBIZ-6184,depends upon
1035,OFBIZ-6166,OFBIZ-6168,is cloned by
1036,OFBIZ-6168,OFBIZ-6166,is a clone of
1037,OFBIZ-6175,OFBIZ-6202,supercedes
1038,OFBIZ-6182,OFBIZ-5893,is duplicated by
1039,OFBIZ-6184,OFBIZ-6165,is depended upon by
1040,OFBIZ-6189,OFBIZ-6208,depends upon
1041,OFBIZ-6193,OFBIZ-6231,is depended upon by
1042,OFBIZ-6245,OFBIZ-6246,is depended upon by
1043,OFBIZ-6247,OFBIZ-6250,is depended upon by
1044,OFBIZ-6267,OFBIZ-6266,incorporates
1045,OFBIZ-6275,OFBIZ-6273,is depended upon by
1046,OFBIZ-6278,OFBIZ-6290,is related to
1047,OFBIZ-6281,OFBIZ-6282,is related to
1048,OFBIZ-6281,OFBIZ-6283,is related to
1049,OFBIZ-6281,OFBIZ-6285,is related to
1050,OFBIZ-6281,OFBIZ-6287,is related to
1051,OFBIZ-6281,OFBIZ-6288,is related to
1052,OFBIZ-6281,OFBIZ-6289,is related to
1053,OFBIZ-6282,OFBIZ-6281,relates to
1054,OFBIZ-6282,OFBIZ-6283,is related to
1055,OFBIZ-6282,OFBIZ-6285,is related to
1056,OFBIZ-6282,OFBIZ-6287,is related to
1057,OFBIZ-6282,OFBIZ-6288,is related to
1058,OFBIZ-6282,OFBIZ-6289,is related to
1059,OFBIZ-6283,OFBIZ-6281,relates to
1060,OFBIZ-6283,OFBIZ-6282,relates to
1061,OFBIZ-6283,OFBIZ-6285,is related to
1062,OFBIZ-6283,OFBIZ-6287,is related to
1063,OFBIZ-6283,OFBIZ-6288,is related to
1064,OFBIZ-6283,OFBIZ-6289,is related to
1065,OFBIZ-6285,OFBIZ-6281,relates to
1066,OFBIZ-6285,OFBIZ-6282,relates to
1067,OFBIZ-6285,OFBIZ-6283,relates to
1068,OFBIZ-6285,OFBIZ-6287,is related to
1069,OFBIZ-6285,OFBIZ-6288,is related to
1070,OFBIZ-6285,OFBIZ-6289,is related to
1071,OFBIZ-6287,OFBIZ-6281,relates to
1072,OFBIZ-6287,OFBIZ-6282,relates to
1073,OFBIZ-6287,OFBIZ-6283,relates to
1074,OFBIZ-6287,OFBIZ-6285,relates to
1075,OFBIZ-6287,OFBIZ-6288,is related to
1076,OFBIZ-6287,OFBIZ-6289,is related to
1077,OFBIZ-6288,OFBIZ-6281,relates to
1078,OFBIZ-6288,OFBIZ-6282,relates to
1079,OFBIZ-6288,OFBIZ-6283,relates to
1080,OFBIZ-6288,OFBIZ-6285,relates to
1081,OFBIZ-6288,OFBIZ-6287,relates to
1082,OFBIZ-6288,OFBIZ-6289,is related to
1083,OFBIZ-6289,OFBIZ-6281,relates to
1084,OFBIZ-6289,OFBIZ-6282,relates to
1085,OFBIZ-6289,OFBIZ-6283,relates to
1086,OFBIZ-6289,OFBIZ-6285,relates to
1087,OFBIZ-6289,OFBIZ-6287,relates to
1088,OFBIZ-6289,OFBIZ-6288,relates to
1089,OFBIZ-6290,OFBIZ-6278,relates to
1090,OFBIZ-6300,OFBIZ-6458,is part of
1091,OFBIZ-6300,OFBIZ-6252,is related to
1092,OFBIZ-6349,OFBIZ-6348,supercedes
1093,OFBIZ-6349,OFBIZ-6350,depends upon
1094,OFBIZ-636,OFBIZ-1382,relates to
1095,OFBIZ-6398,OFBIZ-4480,is broken by
1096,OFBIZ-640,OFBIZ-400,depends upon
1097,OFBIZ-6402,OFBIZ-6403,incorporates
1098,OFBIZ-695,OFBIZ-2584,relates to
1099,SLIDER-103,SLIDER-151,depends upon
1100,SLIDER-105,SLIDER-104,is blocked by
1101,SLIDER-105,SLIDER-470,contains
1102,SLIDER-107,SLIDER-145,blocks
1103,SLIDER-107,SLIDER-177,blocks
1104,SLIDER-109,SLIDER-467,is related to
1105,SLIDER-109,SLIDER-319,depends upon
1106,SLIDER-109,SLIDER-823,is depended upon by
1107,SLIDER-112,SLIDER-1,duplicates
1108,SLIDER-112,SLIDER-111,duplicates
1109,SLIDER-112,SLIDER-33,is broken by
1110,SLIDER-116,YARN-2468,is blocked by
1111,SLIDER-116,YARN-1104,relates to
1112,SLIDER-116,YARN-1111,relates to
1113,SLIDER-116,SLIDER-163,is related to
1114,SLIDER-116,SLIDER-183,is related to
1115,SLIDER-12,SLIDER-31,relates to
1116,SLIDER-128,SLIDER-317,is duplicated by
1117,SLIDER-134,SLIDER-564,is related to
1118,SLIDER-148,SLIDER-182,is related to
1119,SLIDER-149,YARN-2677,depends upon
1120,SLIDER-149,YARN-2571,depends upon
1121,SLIDER-149,YARN-913,depends upon
1122,SLIDER-149,SLIDER-365,is depended upon by
1123,SLIDER-149,SLIDER-61,is depended upon by
1124,SLIDER-149,SLIDER-482,is depended upon by
1125,SLIDER-149,SLIDER-483,is depended upon by
1126,SLIDER-151,SLIDER-170,depends upon
1127,SLIDER-151,YARN-2947,depends upon
1128,SLIDER-151,YARN-2948,depends upon
1129,SLIDER-151,SLIDER-782,depends upon
1130,SLIDER-151,YARN-2605,depends upon
1131,SLIDER-151,YARN-2031,depends upon
1132,SLIDER-151,SLIDER-797,depends upon
1133,SLIDER-151,YARN-2425,depends upon
1134,SLIDER-151,YARN-3526,depends upon
1135,SLIDER-151,YARN-1695,depends upon
1136,SLIDER-151,YARN-2084,depends upon
1137,SLIDER-151,HADOOP-11822,depends upon
1138,SLIDER-151,SLIDER-747,depends upon
1139,SLIDER-151,SLIDER-103,is depended upon by
1140,SLIDER-152,SLIDER-180,is related to
1141,SLIDER-152,SLIDER-214,is related to
1142,SLIDER-158,SLIDER-418,relates to
1143,SLIDER-164,SLIDER-180,is related to
1144,SLIDER-167,SLIDER-290,relates to
1145,SLIDER-167,SLIDER-299,relates to
1146,SLIDER-170,SLIDER-720,is duplicated by
1147,SLIDER-170,YARN-2947,depends upon
1148,SLIDER-170,YARN-1713,depends upon
1149,SLIDER-170,YARN-1695,depends upon
1150,SLIDER-170,SLIDER-151,is depended upon by
1151,SLIDER-177,SLIDER-107,is blocked by
1152,SLIDER-177,SLIDER-199,is blocked by
1153,SLIDER-177,SLIDER-145,is duplicated by
1154,SLIDER-180,SLIDER-164,relates to
1155,SLIDER-180,SLIDER-152,relates to
1156,SLIDER-180,SLIDER-173,relates to
1157,SLIDER-180,SLIDER-80,is related to
1158,SLIDER-181,SLIDER-262,is related to
1159,SLIDER-181,SLIDER-261,is related to
1160,SLIDER-181,SLIDER-219,is related to
1161,SLIDER-181,SLIDER-195,is related to
1162,SLIDER-182,SLIDER-147,relates to
1163,SLIDER-182,SLIDER-148,relates to
1164,SLIDER-183,YARN-896,relates to
1165,SLIDER-183,SLIDER-116,relates to
1166,SLIDER-187,SLIDER-214,is related to
1167,SLIDER-188,SLIDER-214,is related to
1168,SLIDER-196,SLIDER-250,relates to
1169,SLIDER-199,SLIDER-177,blocks
1170,SLIDER-206,SLIDER-214,is related to
1171,SLIDER-208,SLIDER-201,depends upon
1172,SLIDER-214,SLIDER-262,relates to
1173,SLIDER-214,SLIDER-261,relates to
1174,SLIDER-214,SLIDER-188,relates to
1175,SLIDER-214,SLIDER-206,relates to
1176,SLIDER-214,SLIDER-152,relates to
1177,SLIDER-214,SLIDER-187,relates to
1178,SLIDER-219,SLIDER-181,relates to
1179,SLIDER-241,SLIDER-308,breaks
1180,SLIDER-254,SLIDER-284,supercedes
1181,SLIDER-254,HADOOP-10607,depends upon
1182,SLIDER-254,SLIDER-321,depends upon
1183,SLIDER-261,SLIDER-181,relates to
1184,SLIDER-261,SLIDER-214,is related to
1185,SLIDER-262,SLIDER-181,relates to
1186,SLIDER-262,SLIDER-214,is related to
1187,SLIDER-263,HADOOP-10607,depends upon
1188,SLIDER-263,SLIDER-321,depends upon
1189,SLIDER-273,SLIDER-441,relates to
1190,SLIDER-274,SLIDER-462,is duplicated by
1191,SLIDER-284,SLIDER-254,is superceded by
1192,SLIDER-285,SLIDER-313,requires
1193,SLIDER-285,SLIDER-286,depends upon
1194,SLIDER-285,SLIDER-69,is depended upon by
1195,SLIDER-290,SLIDER-787,duplicates
1196,SLIDER-290,SLIDER-167,is related to
1197,SLIDER-306,SLIDER-468,contains
1198,SLIDER-306,SLIDER-591,breaks
1199,SLIDER-306,SLIDER-329,is depended upon by
1200,SLIDER-319,SLIDER-768,is related to
1201,SLIDER-319,SLIDER-772,is related to
1202,SLIDER-319,SLIDER-109,is depended upon by
1203,SLIDER-321,SLIDER-263,is depended upon by
1204,SLIDER-321,SLIDER-254,is depended upon by
1205,SLIDER-325,SLIDER-202,is broken by
1206,SLIDER-327,SLIDER-383,is duplicated by
1207,SLIDER-329,SLIDER-331,depends upon
1208,SLIDER-329,SLIDER-332,depends upon
1209,SLIDER-329,SLIDER-306,depends upon
1210,SLIDER-33,SLIDER-112,breaks
1211,SLIDER-33,SLIDER-94,breaks
1212,SLIDER-330,SLIDER-515,is related to
1213,SLIDER-331,SLIDER-349,is depended upon by
1214,SLIDER-331,SLIDER-329,is depended upon by
1215,SLIDER-34,YARN-2065,is related to
1216,SLIDER-34,SLIDER-66,is depended upon by
1217,SLIDER-345,SLIDER-36,is superceded by
1218,SLIDER-349,SLIDER-331,depends upon
1219,SLIDER-35,SLIDER-97,is depended upon by
1220,SLIDER-350,SLIDER-351,is broken by
1221,SLIDER-350,SLIDER-352,is broken by
1222,SLIDER-351,SLIDER-350,breaks
1223,SLIDER-352,SLIDER-350,breaks
1224,SLIDER-36,SLIDER-345,supercedes
1225,SLIDER-367,SLIDER-201,duplicates
1226,SLIDER-377,HDFS-6974,is broken by
1227,SLIDER-382,YARN-2652,depends upon
1228,SLIDER-383,SLIDER-327,duplicates
1229,SLIDER-386,SLIDER-390,breaks
1230,SLIDER-390,SLIDER-386,is broken by
1231,SLIDER-391,SLIDER-224,relates to
1232,SLIDER-426,SLIDER-775,is related to
1233,SLIDER-428,SLIDER-438,duplicates
1234,SLIDER-431,YARN-2554,is blocked by
1235,SLIDER-432,SLIDER-429,is related to
1236,SLIDER-438,SLIDER-428,is duplicated by
1237,SLIDER-439,SLIDER-647,is related to
1238,SLIDER-445,SLIDER-455,is duplicated by
1239,SLIDER-455,SLIDER-445,duplicates
1240,SLIDER-460,SLIDER-548,depends upon
1241,SLIDER-462,SLIDER-274,duplicates
1242,SLIDER-464,SLIDER-475,is duplicated by
1243,SLIDER-467,SLIDER-109,relates to
1244,SLIDER-467,SLIDER-421,is depended upon by
1245,SLIDER-468,SLIDER-306,Is contained by
1246,SLIDER-469,SLIDER-470,depends upon
1247,SLIDER-470,SLIDER-105,Is contained by
1248,SLIDER-470,SLIDER-469,is depended upon by
1249,SLIDER-474,SLIDER-497,breaks
1250,SLIDER-482,SLIDER-149,depends upon
1251,SLIDER-483,SLIDER-149,depends upon
1252,SLIDER-492,HADOOP-11102,depends upon
1253,SLIDER-497,SLIDER-513,breaks
1254,SLIDER-497,SLIDER-521,breaks
1255,SLIDER-497,SLIDER-474,is broken by
1256,SLIDER-500,YARN-2677,is broken by
1257,SLIDER-505,SLIDER-558,relates to
1258,SLIDER-507,SLIDER-842,is duplicated by
1259,SLIDER-509,SLIDER-546,depends upon
1260,SLIDER-509,SLIDER-547,depends upon
1261,SLIDER-509,SLIDER-548,depends upon
1262,SLIDER-513,SLIDER-497,is broken by
1263,SLIDER-515,SLIDER-330,relates to
1264,SLIDER-517,SLIDER-580,incorporates
1265,SLIDER-521,SLIDER-497,is broken by
1266,SLIDER-531,YARN-2678,relates to
1267,SLIDER-532,SLIDER-780,is duplicated by
1268,SLIDER-538,SLIDER-130,is depended upon by
1269,SLIDER-542,SLIDER-553,duplicates
1270,SLIDER-546,SLIDER-550,breaks
1271,SLIDER-546,SLIDER-509,is depended upon by
1272,SLIDER-547,SLIDER-509,is depended upon by
1273,SLIDER-548,SLIDER-509,is depended upon by
1274,SLIDER-548,SLIDER-460,is depended upon by
1275,SLIDER-550,SLIDER-546,is broken by
1276,SLIDER-550,SLIDER-553,depends upon
1277,SLIDER-553,SLIDER-542,is duplicated by
1278,SLIDER-553,SLIDER-550,is depended upon by
1279,SLIDER-558,SLIDER-505,is related to
1280,SLIDER-564,SLIDER-134,relates to
1281,SLIDER-580,SLIDER-517,is part of
1282,SLIDER-582,YARN-2677,depends upon
1283,SLIDER-588,SLIDER-797,is related to
1284,SLIDER-591,SLIDER-306,is broken by
1285,SLIDER-594,SLIDER-78,relates to
1286,SLIDER-599,YARN-1922,is blocked by
1287,SLIDER-600,SLIDER-849,is depended upon by
1288,SLIDER-61,SLIDER-365,depends upon
1289,SLIDER-61,SLIDER-149,depends upon
1290,SLIDER-611,SLIDER-799,depends upon
1291,SLIDER-611,SLIDER-828,depends upon
1292,SLIDER-611,SLIDER-823,is depended upon by
1293,SLIDER-622,SLIDER-639,relates to
1294,SLIDER-622,YARN-2845,relates to
1295,SLIDER-624,HADOOP-10563,is broken by
1296,SLIDER-627,SLIDER-655,depends upon
1297,SLIDER-629,SLIDER-861,is duplicated by
1298,SLIDER-629,SLIDER-856,is related to
1299,SLIDER-634,SLIDER-637,is related to
1300,SLIDER-637,SLIDER-634,relates to
1301,SLIDER-647,SLIDER-439,relates to
1302,SLIDER-649,SLIDER-651,is duplicated by
1303,SLIDER-651,SLIDER-649,duplicates
1304,SLIDER-655,SLIDER-627,is depended upon by
1305,SLIDER-655,SLIDER-671,is depended upon by
1306,SLIDER-656,SLIDER-671,is depended upon by
1307,SLIDER-66,YARN-1372,depends upon
1308,SLIDER-66,YARN-2053,depends upon
1309,SLIDER-66,SLIDER-34,depends upon
1310,SLIDER-66,SLIDER-46,depends upon
1311,SLIDER-66,YARN-2065,depends upon
1312,SLIDER-66,SLIDER-232,is depended upon by
1313,SLIDER-67,HDFS-6181,is broken by
1314,SLIDER-67,HDFS-6418,depends upon
1315,SLIDER-671,SLIDER-655,depends upon
1316,SLIDER-671,SLIDER-656,depends upon
1317,SLIDER-671,INFRA-8703,depends upon
1318,SLIDER-69,SLIDER-285,depends upon
1319,SLIDER-713,SLIDER-782,depends upon
1320,SLIDER-713,YARN-2031,depends upon
1321,SLIDER-713,YARN-2084,depends upon
1322,SLIDER-713,SLIDER-717,is depended upon by
1323,SLIDER-717,SLIDER-713,depends upon
1324,SLIDER-717,SLIDER-782,depends upon
1325,SLIDER-717,YARN-2031,depends upon
1326,SLIDER-717,YARN-2084,depends upon
1327,SLIDER-720,SLIDER-170,duplicates
1328,SLIDER-743,SLIDER-758,is duplicated by
1329,SLIDER-744,YARN-2031,depends upon
1330,SLIDER-745,SLIDER-759,depends upon
1331,SLIDER-745,SLIDER-766,depends upon
1332,SLIDER-745,INFRA-9007,depends upon
1333,SLIDER-75,BIGTOP-1316,depends upon
1334,SLIDER-758,SLIDER-743,duplicates
1335,SLIDER-759,SLIDER-745,is depended upon by
1336,SLIDER-760,SLIDER-866,is cloned by
1337,SLIDER-760,SLIDER-761,depends upon
1338,SLIDER-761,SLIDER-760,is depended upon by
1339,SLIDER-762,SLIDER-765,breaks
1340,SLIDER-763,SLIDER-788,is related to
1341,SLIDER-763,SLIDER-789,is related to
1342,SLIDER-765,SLIDER-762,is broken by
1343,SLIDER-766,SLIDER-745,is depended upon by
1344,SLIDER-768,SLIDER-319,relates to
1345,SLIDER-769,AMBARI-9437,relates to
1346,SLIDER-772,SLIDER-319,relates to
1347,SLIDER-78,SLIDER-594,is related to
1348,SLIDER-782,SLIDER-713,is depended upon by
1349,SLIDER-782,SLIDER-717,is depended upon by
1350,SLIDER-782,SLIDER-151,is depended upon by
1351,SLIDER-790,SLIDER-798,is duplicated by
1352,SLIDER-797,SLIDER-588,relates to
1353,SLIDER-797,SLIDER-151,is depended upon by
1354,SLIDER-799,YARN-3309,relates to
1355,SLIDER-799,SLIDER-611,is depended upon by
1356,SLIDER-80,SLIDER-180,relates to
1357,SLIDER-801,SLIDER-792,is blocked by
1358,SLIDER-801,SLIDER-802,depends upon
1359,SLIDER-829,SLIDER-828,duplicates
1360,SLIDER-829,YARN-1902,relates to
1361,SLIDER-856,SLIDER-629,relates to
1362,SLIDER-86,SLIDER-389,depends upon
1363,SLIDER-863,SLIDER-826,is duplicated by
1364,SLIDER-89,SLIDER-131,contains
1365,SLIDER-89,SLIDER-304,contains
1366,SLIDER-9,INFRA-7771,depends upon
1367,SLIDER-93,INFRA-7772,depends upon
1368,SLIDER-94,SLIDER-33,is broken by
1369,SLIDER-94,SLIDER-159,depends upon
1370,SLIDER-94,YARN-679,depends upon
1371,SLIDER-94,YARN-1564,depends upon
1372,SLIDER-94,HADOOP-9626,depends upon
1373,SLIDER-97,SLIDER-35,depends upon
1374,USERGRID-267,USERGRID-273,is blocked by
1375,USERGRID-268,USERGRID-273,is blocked by
1376,USERGRID-273,USERGRID-267,blocks
1377,USERGRID-273,USERGRID-268,blocks
1378,USERGRID-273,USERGRID-294,is blocked by
1379,USERGRID-273,USERGRID-274,is blocked by
1380,USERGRID-273,USERGRID-414,is depended upon by
1381,USERGRID-280,USERGRID-422,blocks
1382,USERGRID-294,USERGRID-273,blocks
1383,USERGRID-324,USERGRID-175,blocks
1384,USERGRID-324,USERGRID-445,blocks
1385,USERGRID-324,USERGRID-390,is part of
1386,USERGRID-324,USERGRID-466,is depended upon by
1387,USERGRID-352,USERGRID-375,is blocked by
1388,USERGRID-352,USERGRID-378,is blocked by
1389,USERGRID-352,USERGRID-360,is blocked by
1390,USERGRID-352,USERGRID-363,is blocked by
1391,USERGRID-352,USERGRID-364,is blocked by
1392,USERGRID-352,USERGRID-374,is blocked by
1393,USERGRID-352,USERGRID-376,is blocked by
1394,USERGRID-352,USERGRID-377,is blocked by
1395,USERGRID-360,USERGRID-352,blocks
1396,USERGRID-363,USERGRID-352,blocks
1397,USERGRID-364,USERGRID-352,blocks
1398,USERGRID-365,USERGRID-405,incorporates
1399,USERGRID-367,USERGRID-401,is blocked by
1400,USERGRID-374,USERGRID-352,blocks
1401,USERGRID-375,USERGRID-352,blocks
1402,USERGRID-376,USERGRID-352,blocks
1403,USERGRID-377,USERGRID-352,blocks
1404,USERGRID-381,USERGRID-405,is part of
1405,USERGRID-390,USERGRID-406,incorporates
1406,USERGRID-390,USERGRID-324,incorporates
1407,USERGRID-392,USERGRID-479,is cloned by
1408,USERGRID-396,USERGRID-455,blocks
1409,USERGRID-398,USERGRID-400,blocks
1410,USERGRID-399,USERGRID-401,blocks
1411,USERGRID-400,USERGRID-398,is blocked by
1412,USERGRID-400,USERGRID-356,is part of
1413,USERGRID-400,USERGRID-357,is part of
1414,USERGRID-400,USERGRID-414,depends upon
1415,USERGRID-401,USERGRID-367,blocks
1416,USERGRID-401,USERGRID-399,is blocked by
1417,USERGRID-401,USERGRID-414,depends upon
1418,USERGRID-405,USERGRID-427,incorporates
1419,USERGRID-405,USERGRID-381,incorporates
1420,USERGRID-405,USERGRID-365,is part of
1421,USERGRID-405,USERGRID-416,is part of
1422,USERGRID-409,USERGRID-577,is duplicated by
1423,USERGRID-414,USERGRID-273,depends upon
1424,USERGRID-414,USERGRID-400,is depended upon by
1425,USERGRID-414,USERGRID-401,is depended upon by
1426,USERGRID-416,USERGRID-405,incorporates
1427,USERGRID-422,USERGRID-280,is blocked by
1428,USERGRID-432,USERGRID-442,relates to
1429,USERGRID-444,USERGRID-445,blocks
1430,USERGRID-456,USERGRID-445,blocks
1431,USERGRID-460,USERGRID-536,is superceded by
1432,USERGRID-466,USERGRID-324,depends upon
1433,USERGRID-479,USERGRID-392,is a clone of
1434,USERGRID-488,USERGRID-491,incorporates
1435,USERGRID-490,USERGRID-805,is part of
1436,USERGRID-491,USERGRID-533,blocks
1437,USERGRID-491,USERGRID-511,is blocked by
1438,USERGRID-491,USERGRID-511,is part of
1439,USERGRID-491,USERGRID-494,is part of
1440,USERGRID-491,USERGRID-488,is part of
1441,USERGRID-494,USERGRID-509,is blocked by
1442,USERGRID-494,USERGRID-491,incorporates
1443,USERGRID-494,USERGRID-511,is related to
1444,USERGRID-505,USERGRID-512,is related to
1445,USERGRID-509,USERGRID-494,blocks
1446,USERGRID-511,USERGRID-491,blocks
1447,USERGRID-511,USERGRID-491,incorporates
1448,USERGRID-511,USERGRID-494,relates to
1449,USERGRID-527,USERGRID-583,is duplicated by
1450,USERGRID-530,USERGRID-560,is related to
1451,USERGRID-533,USERGRID-491,is blocked by
1452,USERGRID-536,USERGRID-541,blocks
1453,USERGRID-536,USERGRID-541,is blocked by
1454,USERGRID-536,USERGRID-460,supercedes
1455,USERGRID-538,USERGRID-512,is duplicated by
1456,USERGRID-541,USERGRID-536,blocks
1457,USERGRID-541,USERGRID-536,is blocked by
1458,USERGRID-556,USERGRID-652,is blocked by
1459,USERGRID-583,USERGRID-527,duplicates
1460,USERGRID-584,USERGRID-608,is blocked by
1461,USERGRID-586,USERGRID-777,is blocked by
1462,USERGRID-587,USERGRID-608,is blocked by
1463,USERGRID-587,USERGRID-614,is blocked by
1464,USERGRID-607,USERGRID-655,is blocked by
1465,USERGRID-608,USERGRID-584,blocks
1466,USERGRID-608,USERGRID-587,blocks
1467,USERGRID-608,USERGRID-622,blocks
1468,USERGRID-608,USERGRID-627,blocks
1469,USERGRID-608,USERGRID-628,blocks
1470,USERGRID-608,USERGRID-633,blocks
1471,USERGRID-608,USERGRID-634,blocks
1472,USERGRID-608,USERGRID-662,blocks
1473,USERGRID-608,USERGRID-664,blocks
1474,USERGRID-608,USERGRID-619,is blocked by
1475,USERGRID-608,USERGRID-655,is blocked by
1476,USERGRID-608,USERGRID-677,is blocked by
1477,USERGRID-614,USERGRID-587,blocks
1478,USERGRID-615,USERGRID-458,duplicates
1479,USERGRID-622,USERGRID-608,is blocked by
1480,USERGRID-627,USERGRID-608,is blocked by
1481,USERGRID-628,USERGRID-608,is blocked by
1482,USERGRID-632,USERGRID-643,is blocked by
1483,USERGRID-633,USERGRID-608,is blocked by
1484,USERGRID-634,USERGRID-608,is blocked by
1485,USERGRID-641,USERGRID-663,blocks
1486,USERGRID-643,USERGRID-632,blocks
1487,USERGRID-652,USERGRID-556,blocks
1488,USERGRID-655,USERGRID-607,blocks
1489,USERGRID-655,USERGRID-608,blocks
1490,USERGRID-655,USERGRID-657,is blocked by
1491,USERGRID-657,USERGRID-655,blocks
1492,USERGRID-662,USERGRID-608,is blocked by
1493,USERGRID-663,USERGRID-641,is blocked by
1494,USERGRID-664,USERGRID-608,is blocked by
1495,USERGRID-677,USERGRID-608,blocks
1496,USERGRID-688,USERGRID-704,blocks
1497,USERGRID-704,USERGRID-688,is blocked by
1498,USERGRID-740,USERGRID-869,is blocked by
1499,USERGRID-777,USERGRID-586,blocks
1500,USERGRID-869,USERGRID-740,blocks
